2ed37333ded300102b24d1c9d9a105b0,6o2CTdKRj68 oIqT7GvbbRU rQ6YqnfHKAA -LEy3CGFBB4 
2ed37333ded300102b24d1c9d9a105b0,cYqRG6mWWlw 
2ed37333ded300102b24d1c9d9a105b0,HnWgyf99eEk 8RqztGxb2_8 jYBucknKVBQ wXcEeoK5yRc pSxXPvsOj_M TjpDXdhgwMA 0ibCT28bJZw _lE2h7ApVxw 832NxQmIzuw FchYF1b_tXU 
2ed37333ded300102b24d1c9d9a105b0,cYqRG6mWWlw 
2ed37333ded300102b24d1c9d9a105b0,keEpakVSU-Y 
2ed37333ded300102b24d1c9d9a105b0,HrbbfJKvGQk V6g9J3RS4n0 XgXkLBIj2Kg nPcgI9E_lIA TjpDXdhgwMA sPDn-VTID60 ONi4W_nTFFY kZMe0glPVQM rhtmMKOXCEQ sna03Y6gV4w IDaehsNV_pA zYtokVIMwjw hu65xn2UsXk RoMpdTSjfUA g4pzDtk_3Gs 
2ed37333ded300102b24d1c9d9a105b0,HnWgyf99eEk 8RqztGxb2_8 jYBucknKVBQ wXcEeoK5yRc pSxXPvsOj_M TjpDXdhgwMA 0ibCT28bJZw _lE2h7ApVxw 832NxQmIzuw FchYF1b_tXU 
2ed37333ded300102b24d1c9d9a105b0,ICt9EVyeYmU Xzp8bUgD1lg 
d205a257bf7264aa2f09466d3cc8c4f8,c6NWSG7_fy8 aW4j0fpOnZw DcuyeLmJSl4 osonyeWwyBo lvAnlwaG5rI YnjvHn3MVTA ft98lKwEil4 xDhNMX3AQu4 889-PB7t2hs H5-68PtN0dE nhlimIaxmDY Z-_kNkcxJkY 
ea7aacd36a9fdbf871073d729776db86,Ac1m_4hYzfE wWBhZVgfTyk k_7MsY3ywac MH8MJhxWptA 
c44d3cea6b7dd0aceff3e37e55d18f8c,6o2CTdKRj68 oIqT7GvbbRU rQ6YqnfHKAA -LEy3CGFBB4 
c44d3cea6b7dd0aceff3e37e55d18f8c,6A09wL80PMQ 
c44d3cea6b7dd0aceff3e37e55d18f8c,hUHvXpx-qRw gz87MBi_kjo 9qH2CC6kQ4w gvLz_M72T5U RP9Z_fWV8x0 
27d3378e2f7c744a4b049bdac6e02be0,6o2CTdKRj68 oIqT7GvbbRU rQ6YqnfHKAA -LEy3CGFBB4 
27d3378e2f7c744a4b049bdac6e02be0,6A09wL80PMQ 
27d3378e2f7c744a4b049bdac6e02be0,AvsCTksFZRA 
27d3378e2f7c744a4b049bdac6e02be0,1ZzV6Py6F0E 
27d3378e2f7c744a4b049bdac6e02be0,2iB-_jnVwzA hKDGwFwQzcw 
afbf96a1247a6b81607db7a042f8209c,6o2CTdKRj68 oIqT7GvbbRU rQ6YqnfHKAA -LEy3CGFBB4 
afbf96a1247a6b81607db7a042f8209c,prCWFzQr7pA Ncfs5Z6YYpc ySpo8BkWnvI zu1u0D4Uq-E k_7MsY3ywac yNRDDeN3H0o ld2pRnFdkuo 832NxQmIzuw FchYF1b_tXU MH8MJhxWptA 
afbf96a1247a6b81607db7a042f8209c,1LQTgxoMfNE 
afbf96a1247a6b81607db7a042f8209c,prCWFzQr7pA Ncfs5Z6YYpc ySpo8BkWnvI zu1u0D4Uq-E k_7MsY3ywac yNRDDeN3H0o ld2pRnFdkuo 832NxQmIzuw FchYF1b_tXU MH8MJhxWptA 
afbf96a1247a6b81607db7a042f8209c,RJwPKIIJS3E ld2pRnFdkuo qAIoSWNhK2U 
afbf96a1247a6b81607db7a042f8209c,5H7lqcmSqn0 IbSPWAEtpQg ovrtA_BImKA HVT4ow-TCb0 9w9JChG9ER8 aTRqXfRDUZI gLWiACR752o osonyeWwyBo 
afbf96a1247a6b81607db7a042f8209c,HVT4ow-TCb0 osonyeWwyBo 
afbf96a1247a6b81607db7a042f8209c,prCWFzQr7pA Ncfs5Z6YYpc ySpo8BkWnvI zu1u0D4Uq-E k_7MsY3ywac yNRDDeN3H0o ld2pRnFdkuo 832NxQmIzuw FchYF1b_tXU MH8MJhxWptA 
afbf96a1247a6b81607db7a042f8209c,prCWFzQr7pA Ncfs5Z6YYpc ySpo8BkWnvI zu1u0D4Uq-E k_7MsY3ywac yNRDDeN3H0o ld2pRnFdkuo 832NxQmIzuw FchYF1b_tXU MH8MJhxWptA 
afbf96a1247a6b81607db7a042f8209c,ZdGUbgL4Cgw 
afbf96a1247a6b81607db7a042f8209c,SZH07GcVpbE vfe5Vha_KUs bjIJtKBpWNk 
afbf96a1247a6b81607db7a042f8209c,iIZRk9IME4Q 
afbf96a1247a6b81607db7a042f8209c,aigDDevpL94 tFFuRtT3R_Y tZRhdqiy4bI 4bctfVLi-5w 
afbf96a1247a6b81607db7a042f8209c,UT5skCx6Xcs 
afbf96a1247a6b81607db7a042f8209c,prCWFzQr7pA Ncfs5Z6YYpc ySpo8BkWnvI zu1u0D4Uq-E k_7MsY3ywac yNRDDeN3H0o ld2pRnFdkuo 832NxQmIzuw FchYF1b_tXU MH8MJhxWptA 
afbf96a1247a6b81607db7a042f8209c,wjaqk0e4zNY 
afbf96a1247a6b81607db7a042f8209c,L5xaQyufPvk CtYpLEzj7d0 WlSh6svk5pg 
afbf96a1247a6b81607db7a042f8209c,B9oOLSYdMFA Xzp8bUgD1lg 
00bbcd87d1f235230377f2984e65bb1f,TAzGztltXik mbgQXJQSBgs rw5sKrMqiSA Sc1oDwqura4 MDoWDsXQebk ld2pRnFdkuo QzdEWx_PEBw 
00bbcd87d1f235230377f2984e65bb1f,hUHvXpx-qRw gz87MBi_kjo 9qH2CC6kQ4w gvLz_M72T5U RP9Z_fWV8x0 
00bbcd87d1f235230377f2984e65bb1f,B9oOLSYdMFA Xzp8bUgD1lg 
00bbcd87d1f235230377f2984e65bb1f,wWBhZVgfTyk 
00bbcd87d1f235230377f2984e65bb1f,uKsg70DyMQk XgXkLBIj2Kg 66qbB4tGXQM 
00bbcd87d1f235230377f2984e65bb1f,GKixwWx6t-o 
00bbcd87d1f235230377f2984e65bb1f,HnWgyf99eEk axLp7gYE5E8 2vWkVsBSCnk G_bcKbsOK4M 
00bbcd87d1f235230377f2984e65bb1f,HnWgyf99eEk 8RqztGxb2_8 jYBucknKVBQ wXcEeoK5yRc pSxXPvsOj_M TjpDXdhgwMA 0ibCT28bJZw _lE2h7ApVxw 832NxQmIzuw FchYF1b_tXU 
00bbcd87d1f235230377f2984e65bb1f,hUHvXpx-qRw wb7qeBhm9lw 
101532009c808f8bacf40c8d59323465,3hdaYj58yas SDFmV2VD5Bk 9qH2CC6kQ4w tZRhdqiy4bI AUgjv88Cd0I RJwPKIIJS3E 1LQTgxoMfNE aTRqXfRDUZI Sl7RUoou0RA ld2pRnFdkuo elNdHhbcAlM qAIoSWNhK2U 
101532009c808f8bacf40c8d59323465,qzwutayqRyY 
101532009c808f8bacf40c8d59323465,3pMPOJHv7TA 
101532009c808f8bacf40c8d59323465,tBF8ZEpEhUE 
101532009c808f8bacf40c8d59323465,tBF8ZEpEhUE 
101532009c808f8bacf40c8d59323465,eJp0w3T1rec 
101532009c808f8bacf40c8d59323465,3NU1ShgSb_8 
101532009c808f8bacf40c8d59323465,3pMPOJHv7TA 
101532009c808f8bacf40c8d59323465,tBF8ZEpEhUE 
101532009c808f8bacf40c8d59323465,tBF8ZEpEhUE 
101532009c808f8bacf40c8d59323465,eJp0w3T1rec 
101532009c808f8bacf40c8d59323465,eJp0w3T1rec 
101532009c808f8bacf40c8d59323465,3hdaYj58yas SDFmV2VD5Bk 9qH2CC6kQ4w tZRhdqiy4bI AUgjv88Cd0I RJwPKIIJS3E 1LQTgxoMfNE aTRqXfRDUZI Sl7RUoou0RA ld2pRnFdkuo elNdHhbcAlM qAIoSWNhK2U 
101532009c808f8bacf40c8d59323465,YSZ7md6TogU 
101532009c808f8bacf40c8d59323465,qzwutayqRyY 
101532009c808f8bacf40c8d59323465,RJwPKIIJS3E ld2pRnFdkuo qAIoSWNhK2U 
101532009c808f8bacf40c8d59323465,3hdaYj58yas SDFmV2VD5Bk 9qH2CC6kQ4w tZRhdqiy4bI AUgjv88Cd0I RJwPKIIJS3E 1LQTgxoMfNE aTRqXfRDUZI Sl7RUoou0RA ld2pRnFdkuo elNdHhbcAlM qAIoSWNhK2U 
101532009c808f8bacf40c8d59323465,Ncfs5Z6YYpc 
101532009c808f8bacf40c8d59323465,tBF8ZEpEhUE 
101532009c808f8bacf40c8d59323465,qAIoSWNhK2U 
101532009c808f8bacf40c8d59323465,tBF8ZEpEhUE 
101532009c808f8bacf40c8d59323465,V6g9J3RS4n0 uucuPuY49M8 sna03Y6gV4w FnJCwUSVt5E UT5skCx6Xcs KKqzfpoaomo QzdEWx_PEBw qAIoSWNhK2U 
101532009c808f8bacf40c8d59323465,KGebVIgDDv0 
101532009c808f8bacf40c8d59323465,Tby7ZukHVWI jsP3RTTgp6U 5sMGee8_n88 yNRDDeN3H0o 95EKLVICZ6w fpnfF-D_7Zs 
101532009c808f8bacf40c8d59323465,3hdaYj58yas SDFmV2VD5Bk 9qH2CC6kQ4w tZRhdqiy4bI AUgjv88Cd0I RJwPKIIJS3E 1LQTgxoMfNE aTRqXfRDUZI Sl7RUoou0RA ld2pRnFdkuo elNdHhbcAlM qAIoSWNhK2U 
101532009c808f8bacf40c8d59323465,3NU1ShgSb_8 qAIoSWNhK2U 
101532009c808f8bacf40c8d59323465,ZBhh9Ugkf8c 
101532009c808f8bacf40c8d59323465,3pMPOJHv7TA 
101532009c808f8bacf40c8d59323465,iYuPPmWcwGA 
101532009c808f8bacf40c8d59323465,3hdaYj58yas SDFmV2VD5Bk 9qH2CC6kQ4w tZRhdqiy4bI AUgjv88Cd0I RJwPKIIJS3E 1LQTgxoMfNE aTRqXfRDUZI Sl7RUoou0RA ld2pRnFdkuo elNdHhbcAlM qAIoSWNhK2U 
101532009c808f8bacf40c8d59323465,3pMPOJHv7TA 
101532009c808f8bacf40c8d59323465,3NU1ShgSb_8 qAIoSWNhK2U 
101532009c808f8bacf40c8d59323465,3hdaYj58yas SDFmV2VD5Bk 9qH2CC6kQ4w tZRhdqiy4bI AUgjv88Cd0I RJwPKIIJS3E 1LQTgxoMfNE aTRqXfRDUZI Sl7RUoou0RA ld2pRnFdkuo elNdHhbcAlM qAIoSWNhK2U 
101532009c808f8bacf40c8d59323465,3hdaYj58yas SDFmV2VD5Bk 9qH2CC6kQ4w tZRhdqiy4bI AUgjv88Cd0I RJwPKIIJS3E 1LQTgxoMfNE aTRqXfRDUZI Sl7RUoou0RA ld2pRnFdkuo elNdHhbcAlM qAIoSWNhK2U 
101532009c808f8bacf40c8d59323465,0pIpemeXeyQ f560zyz3y8w RJwPKIIJS3E 1LQTgxoMfNE A3sEM9hMbqg 
101532009c808f8bacf40c8d59323465,3hdaYj58yas SDFmV2VD5Bk 9qH2CC6kQ4w tZRhdqiy4bI AUgjv88Cd0I RJwPKIIJS3E 1LQTgxoMfNE aTRqXfRDUZI Sl7RUoou0RA ld2pRnFdkuo elNdHhbcAlM qAIoSWNhK2U 
101532009c808f8bacf40c8d59323465,qS_nOhK3u1s kZMe0glPVQM D1trSdrJLaM 
101532009c808f8bacf40c8d59323465,Ncfs5Z6YYpc 
101532009c808f8bacf40c8d59323465,HnWgyf99eEk cFIpS-oLSYs 
101532009c808f8bacf40c8d59323465,qzwutayqRyY 
101532009c808f8bacf40c8d59323465,GKixwWx6t-o 
30e5e7fec600f74edc2013511d79dda8,CJj6J75ji-Q 
30e5e7fec600f74edc2013511d79dda8,RJwPKIIJS3E ld2pRnFdkuo qAIoSWNhK2U 
30e5e7fec600f74edc2013511d79dda8,CJj6J75ji-Q 
30e5e7fec600f74edc2013511d79dda8,dejHfE0i3gM 
30e5e7fec600f74edc2013511d79dda8,Ncfs5Z6YYpc 
30e5e7fec600f74edc2013511d79dda8,CJj6J75ji-Q 
30e5e7fec600f74edc2013511d79dda8,ICt9EVyeYmU Xzp8bUgD1lg 
30e5e7fec600f74edc2013511d79dda8,acRznnZ4AgQ L_rl0v0fFpk 
30e5e7fec600f74edc2013511d79dda8,CJj6J75ji-Q 
30e5e7fec600f74edc2013511d79dda8,VBCN6WfQMO4 3gLM0TD-Fxk UT5skCx6Xcs 
30e5e7fec600f74edc2013511d79dda8,acRznnZ4AgQ L_rl0v0fFpk 
30e5e7fec600f74edc2013511d79dda8,ICt9EVyeYmU Xzp8bUgD1lg 
30e5e7fec600f74edc2013511d79dda8,qS_nOhK3u1s kZMe0glPVQM D1trSdrJLaM 
30e5e7fec600f74edc2013511d79dda8,dejHfE0i3gM 
30e5e7fec600f74edc2013511d79dda8,Ncfs5Z6YYpc 
30e5e7fec600f74edc2013511d79dda8,HnWgyf99eEk cFIpS-oLSYs 
30e5e7fec600f74edc2013511d79dda8,qzwutayqRyY 
30e5e7fec600f74edc2013511d79dda8,GKixwWx6t-o 
30e5e7fec600f74edc2013511d79dda8,dejHfE0i3gM 
30e5e7fec600f74edc2013511d79dda8,3pMPOJHv7TA 
30e5e7fec600f74edc2013511d79dda8,acRznnZ4AgQ L_rl0v0fFpk 
9ff5a3eabf413fca4cc38553c376897e,81TdqLjiCUY AUZYj0Biq5A 
9ff5a3eabf413fca4cc38553c376897e,YSZ7md6TogU 
9ff5a3eabf413fca4cc38553c376897e,HVT4ow-TCb0 osonyeWwyBo 
9ff5a3eabf413fca4cc38553c376897e,qS_nOhK3u1s kZMe0glPVQM D1trSdrJLaM 
9ff5a3eabf413fca4cc38553c376897e,RJwPKIIJS3E ld2pRnFdkuo qAIoSWNhK2U 
9ff5a3eabf413fca4cc38553c376897e,3pMPOJHv7TA 
9ff5a3eabf413fca4cc38553c376897e,0pIpemeXeyQ f560zyz3y8w RJwPKIIJS3E 1LQTgxoMfNE A3sEM9hMbqg 
9ff5a3eabf413fca4cc38553c376897e,miSQXpKq-NI As-1aa2GBBQ 1NCT6kwQg6E SCGxhDbAa1s 
9ff5a3eabf413fca4cc38553c376897e,KEC9Nt4q51w 
9ff5a3eabf413fca4cc38553c376897e,Tby7ZukHVWI jsP3RTTgp6U 5sMGee8_n88 yNRDDeN3H0o 95EKLVICZ6w fpnfF-D_7Zs 
9ff5a3eabf413fca4cc38553c376897e,qS_nOhK3u1s kZMe0glPVQM D1trSdrJLaM 
9ff5a3eabf413fca4cc38553c376897e,brnxodT1lt0 
9ff5a3eabf413fca4cc38553c376897e,OxDtoiZJ4EU uKsg70DyMQk 
9ff5a3eabf413fca4cc38553c376897e,5tcXP3qJ894 
9ff5a3eabf413fca4cc38553c376897e,qDxYcmC4zZo xDtTalZUY84 keEpakVSU-Y XsvtHcRq36w uucuPuY49M8 xh9sKRI2VlQ rHnpakQGHrA QzJ1xg-ErWM FETWOpM-q80 txEmYt0go88 mdxsE-yu-CM qlLHmBULnIw GU9qOys9Iu0 CJj6J75ji-Q qTQ8rTPf5ic D1trSdrJLaM BnJ98athnbQ cTZq4m5WgQU 6o2CTdKRj68 bjIJtKBpWNk UT5skCx6Xcs 
9ff5a3eabf413fca4cc38553c376897e,cYqRG6mWWlw 
9ff5a3eabf413fca4cc38553c376897e,qS_nOhK3u1s kZMe0glPVQM D1trSdrJLaM 
9ff5a3eabf413fca4cc38553c376897e,D1trSdrJLaM 
9ff5a3eabf413fca4cc38553c376897e,wSBNpRWVgKA 
9ff5a3eabf413fca4cc38553c376897e,acRznnZ4AgQ L_rl0v0fFpk 
9ff5a3eabf413fca4cc38553c376897e,KEC9Nt4q51w 
9ff5a3eabf413fca4cc38553c376897e,qS_nOhK3u1s kZMe0glPVQM D1trSdrJLaM 
9ff5a3eabf413fca4cc38553c376897e,qDxYcmC4zZo xDtTalZUY84 keEpakVSU-Y XsvtHcRq36w uucuPuY49M8 xh9sKRI2VlQ rHnpakQGHrA QzJ1xg-ErWM FETWOpM-q80 txEmYt0go88 mdxsE-yu-CM qlLHmBULnIw GU9qOys9Iu0 CJj6J75ji-Q qTQ8rTPf5ic D1trSdrJLaM BnJ98athnbQ cTZq4m5WgQU 6o2CTdKRj68 bjIJtKBpWNk UT5skCx6Xcs 
9ff5a3eabf413fca4cc38553c376897e,qS_nOhK3u1s kZMe0glPVQM D1trSdrJLaM 
9ff5a3eabf413fca4cc38553c376897e,4o8OD09vcX0 MH8MJhxWptA 
9ff5a3eabf413fca4cc38553c376897e,uKsg70DyMQk XgXkLBIj2Kg 66qbB4tGXQM 
9ff5a3eabf413fca4cc38553c376897e,qS_nOhK3u1s kZMe0glPVQM D1trSdrJLaM 
9ff5a3eabf413fca4cc38553c376897e,qS_nOhK3u1s kZMe0glPVQM D1trSdrJLaM 
9ff5a3eabf413fca4cc38553c376897e,81TdqLjiCUY AUZYj0Biq5A 
9ff5a3eabf413fca4cc38553c376897e,81TdqLjiCUY AUZYj0Biq5A 
9ff5a3eabf413fca4cc38553c376897e,81TdqLjiCUY AUZYj0Biq5A 
9ff5a3eabf413fca4cc38553c376897e,qS_nOhK3u1s kZMe0glPVQM D1trSdrJLaM 
9ff5a3eabf413fca4cc38553c376897e,81TdqLjiCUY AUZYj0Biq5A 
9ff5a3eabf413fca4cc38553c376897e,tr61XXLsuIY 9w9JChG9ER8 
9ff5a3eabf413fca4cc38553c376897e,LclbTRuG4aM gvLz_M72T5U 
9ff5a3eabf413fca4cc38553c376897e,dejHfE0i3gM 
9ff5a3eabf413fca4cc38553c376897e,dejHfE0i3gM 
9ff5a3eabf413fca4cc38553c376897e,HnWgyf99eEk cFIpS-oLSYs 
9ff5a3eabf413fca4cc38553c376897e,HVT4ow-TCb0 osonyeWwyBo 
9ff5a3eabf413fca4cc38553c376897e,dejHfE0i3gM 
9ff5a3eabf413fca4cc38553c376897e,w5YnFp-MvQE 2vWkVsBSCnk xoRC98jMKpg ld2pRnFdkuo G_bcKbsOK4M 
9ff5a3eabf413fca4cc38553c376897e,tFFuRtT3R_Y Sc1oDwqura4 RJwPKIIJS3E 
b0b30c123f7891435f0561326b51bf31,lvAnlwaG5rI 6o2CTdKRj68 
b0b30c123f7891435f0561326b51bf31,HnWgyf99eEk axLp7gYE5E8 2vWkVsBSCnk G_bcKbsOK4M 
b0b30c123f7891435f0561326b51bf31,HnWgyf99eEk 8RqztGxb2_8 jYBucknKVBQ wXcEeoK5yRc pSxXPvsOj_M TjpDXdhgwMA 0ibCT28bJZw _lE2h7ApVxw 832NxQmIzuw FchYF1b_tXU 
b0b30c123f7891435f0561326b51bf31,xvEZCInm6T4 oIqT7GvbbRU tr61XXLsuIY B9oOLSYdMFA TuYkPAYsl7A IDaehsNV_pA iYuPPmWcwGA gvLz_M72T5U RP9Z_fWV8x0 
72d2364b370f1c7f2980c83603ba9278,qS_nOhK3u1s kZMe0glPVQM D1trSdrJLaM 
72d2364b370f1c7f2980c83603ba9278,RJwPKIIJS3E ld2pRnFdkuo qAIoSWNhK2U 
72d2364b370f1c7f2980c83603ba9278,ZuaQCM0LxTY rQ6YqnfHKAA 
72d2364b370f1c7f2980c83603ba9278,r8-kvFhAVzM 
72d2364b370f1c7f2980c83603ba9278,RJwPKIIJS3E ld2pRnFdkuo qAIoSWNhK2U 
72d2364b370f1c7f2980c83603ba9278,r8-kvFhAVzM 
72d2364b370f1c7f2980c83603ba9278,r8-kvFhAVzM 
72d2364b370f1c7f2980c83603ba9278,r8-kvFhAVzM 
72d2364b370f1c7f2980c83603ba9278,81TdqLjiCUY AUZYj0Biq5A 
72d2364b370f1c7f2980c83603ba9278,qzwutayqRyY 
72d2364b370f1c7f2980c83603ba9278,w5YnFp-MvQE 2vWkVsBSCnk xoRC98jMKpg ld2pRnFdkuo G_bcKbsOK4M 
72d2364b370f1c7f2980c83603ba9278,qzwutayqRyY 
5af9854e5f7d69f0828eea8a08567f5d,RJwPKIIJS3E ld2pRnFdkuo qAIoSWNhK2U 
5af9854e5f7d69f0828eea8a08567f5d,bjIJtKBpWNk 
5af9854e5f7d69f0828eea8a08567f5d,81TdqLjiCUY AUZYj0Biq5A 
5af9854e5f7d69f0828eea8a08567f5d,RJwPKIIJS3E ld2pRnFdkuo qAIoSWNhK2U 
5af9854e5f7d69f0828eea8a08567f5d,4o8OD09vcX0 RoMpdTSjfUA KKqzfpoaomo MTUxdK2fJq4 lvAnlwaG5rI cTZq4m5WgQU 
5af9854e5f7d69f0828eea8a08567f5d,4o8OD09vcX0 RoMpdTSjfUA KKqzfpoaomo MTUxdK2fJq4 lvAnlwaG5rI cTZq4m5WgQU 
5af9854e5f7d69f0828eea8a08567f5d,qS_nOhK3u1s kZMe0glPVQM D1trSdrJLaM 
5af9854e5f7d69f0828eea8a08567f5d,Ncfs5Z6YYpc 
5af9854e5f7d69f0828eea8a08567f5d,qS_nOhK3u1s kZMe0glPVQM D1trSdrJLaM 
5af9854e5f7d69f0828eea8a08567f5d,qS_nOhK3u1s kZMe0glPVQM D1trSdrJLaM 
5af9854e5f7d69f0828eea8a08567f5d,xDtTalZUY84 bA98MNYFNz8 gp2rsLWYjWc p5Q6SHRQAgc qIIQYKKpwFU ngYq6En-ClU pSxXPvsOj_M lAUI_-Gf2HQ TAzGztltXik hUCjFQo22gw Cg_8RLE0mpk ViPOQsky1Lc 
5af9854e5f7d69f0828eea8a08567f5d,qIIQYKKpwFU 
5af9854e5f7d69f0828eea8a08567f5d,qS_nOhK3u1s kZMe0glPVQM D1trSdrJLaM 
5af9854e5f7d69f0828eea8a08567f5d,xDtTalZUY84 bA98MNYFNz8 gp2rsLWYjWc p5Q6SHRQAgc qIIQYKKpwFU ngYq6En-ClU pSxXPvsOj_M lAUI_-Gf2HQ TAzGztltXik hUCjFQo22gw Cg_8RLE0mpk ViPOQsky1Lc 
5af9854e5f7d69f0828eea8a08567f5d,Ncfs5Z6YYpc 
5af9854e5f7d69f0828eea8a08567f5d,qS_nOhK3u1s kZMe0glPVQM D1trSdrJLaM 
5af9854e5f7d69f0828eea8a08567f5d,xDtTalZUY84 bA98MNYFNz8 gp2rsLWYjWc p5Q6SHRQAgc qIIQYKKpwFU ngYq6En-ClU pSxXPvsOj_M lAUI_-Gf2HQ TAzGztltXik hUCjFQo22gw Cg_8RLE0mpk ViPOQsky1Lc 
5af9854e5f7d69f0828eea8a08567f5d,qS_nOhK3u1s kZMe0glPVQM D1trSdrJLaM 
5af9854e5f7d69f0828eea8a08567f5d,77yDwfCzZAU D1rutC-A-l8 L_rl0v0fFpk 
5af9854e5f7d69f0828eea8a08567f5d,Ncfs5Z6YYpc 
5af9854e5f7d69f0828eea8a08567f5d,qS_nOhK3u1s kZMe0glPVQM D1trSdrJLaM 
5af9854e5f7d69f0828eea8a08567f5d,xDtTalZUY84 bA98MNYFNz8 gp2rsLWYjWc p5Q6SHRQAgc qIIQYKKpwFU ngYq6En-ClU pSxXPvsOj_M lAUI_-Gf2HQ TAzGztltXik hUCjFQo22gw Cg_8RLE0mpk ViPOQsky1Lc 
5af9854e5f7d69f0828eea8a08567f5d,qS_nOhK3u1s kZMe0glPVQM D1trSdrJLaM 
5af9854e5f7d69f0828eea8a08567f5d,qS_nOhK3u1s kZMe0glPVQM D1trSdrJLaM 
5af9854e5f7d69f0828eea8a08567f5d,qS_nOhK3u1s kZMe0glPVQM D1trSdrJLaM 
5af9854e5f7d69f0828eea8a08567f5d,xDtTalZUY84 bA98MNYFNz8 gp2rsLWYjWc p5Q6SHRQAgc qIIQYKKpwFU ngYq6En-ClU pSxXPvsOj_M lAUI_-Gf2HQ TAzGztltXik hUCjFQo22gw Cg_8RLE0mpk ViPOQsky1Lc 
5af9854e5f7d69f0828eea8a08567f5d,qIIQYKKpwFU 
5af9854e5f7d69f0828eea8a08567f5d,b1XGjovk6pA 0MMRMVOhUj4 66qbB4tGXQM 
5af9854e5f7d69f0828eea8a08567f5d,qS_nOhK3u1s kZMe0glPVQM D1trSdrJLaM 
5af9854e5f7d69f0828eea8a08567f5d,Ncfs5Z6YYpc 
5af9854e5f7d69f0828eea8a08567f5d,qS_nOhK3u1s kZMe0glPVQM D1trSdrJLaM 
5af9854e5f7d69f0828eea8a08567f5d,VBCN6WfQMO4 3gLM0TD-Fxk UT5skCx6Xcs 
5af9854e5f7d69f0828eea8a08567f5d,lWfb-j0yRyQ n_PiXf-08VQ nhlimIaxmDY ft98lKwEil4 X0-x0ojhFgg xDhNMX3AQu4 
5af9854e5f7d69f0828eea8a08567f5d,Ncfs5Z6YYpc 
5af9854e5f7d69f0828eea8a08567f5d,qS_nOhK3u1s kZMe0glPVQM D1trSdrJLaM 
5af9854e5f7d69f0828eea8a08567f5d,Ncfs5Z6YYpc 
5af9854e5f7d69f0828eea8a08567f5d,qS_nOhK3u1s kZMe0glPVQM D1trSdrJLaM 
5af9854e5f7d69f0828eea8a08567f5d,QS3C1qurXtk cFIpS-oLSYs lPPMwFCcNKQ L8Ntsvaer1Y 5sMGee8_n88 A3tiQfOPwBU jsP3RTTgp6U 
5af9854e5f7d69f0828eea8a08567f5d,qS_nOhK3u1s kZMe0glPVQM D1trSdrJLaM 
5af9854e5f7d69f0828eea8a08567f5d,xDtTalZUY84 bA98MNYFNz8 gp2rsLWYjWc p5Q6SHRQAgc qIIQYKKpwFU ngYq6En-ClU pSxXPvsOj_M lAUI_-Gf2HQ TAzGztltXik hUCjFQo22gw Cg_8RLE0mpk ViPOQsky1Lc 
5af9854e5f7d69f0828eea8a08567f5d,Ncfs5Z6YYpc 
5af9854e5f7d69f0828eea8a08567f5d,qS_nOhK3u1s kZMe0glPVQM D1trSdrJLaM 
5af9854e5f7d69f0828eea8a08567f5d,keEpakVSU-Y hrkqqg7NROM NVwCxnUTPMY cyuxCcyTeQ8 9QA1KxFgVFY FnJCwUSVt5E elNdHhbcAlM 
5af9854e5f7d69f0828eea8a08567f5d,qS_nOhK3u1s kZMe0glPVQM D1trSdrJLaM 
5af9854e5f7d69f0828eea8a08567f5d,qS_nOhK3u1s kZMe0glPVQM D1trSdrJLaM 
5af9854e5f7d69f0828eea8a08567f5d,xDtTalZUY84 bA98MNYFNz8 gp2rsLWYjWc p5Q6SHRQAgc qIIQYKKpwFU ngYq6En-ClU pSxXPvsOj_M lAUI_-Gf2HQ TAzGztltXik hUCjFQo22gw Cg_8RLE0mpk ViPOQsky1Lc 
5af9854e5f7d69f0828eea8a08567f5d,qS_nOhK3u1s kZMe0glPVQM D1trSdrJLaM 
5af9854e5f7d69f0828eea8a08567f5d,qS_nOhK3u1s kZMe0glPVQM D1trSdrJLaM 
5af9854e5f7d69f0828eea8a08567f5d,XYzDLJTw_fE tdr-kGChZC4 XxnHiSQItec 3F2dfJbvQP8 kHk3VQohHuM YYsFoxgUSoM 
5af9854e5f7d69f0828eea8a08567f5d,Ncfs5Z6YYpc 
5af9854e5f7d69f0828eea8a08567f5d,qS_nOhK3u1s kZMe0glPVQM D1trSdrJLaM 
5af9854e5f7d69f0828eea8a08567f5d,xDtTalZUY84 bA98MNYFNz8 gp2rsLWYjWc p5Q6SHRQAgc qIIQYKKpwFU ngYq6En-ClU pSxXPvsOj_M lAUI_-Gf2HQ TAzGztltXik hUCjFQo22gw Cg_8RLE0mpk ViPOQsky1Lc 
5af9854e5f7d69f0828eea8a08567f5d,qIIQYKKpwFU 
5af9854e5f7d69f0828eea8a08567f5d,Ncfs5Z6YYpc 
5af9854e5f7d69f0828eea8a08567f5d,qS_nOhK3u1s kZMe0glPVQM D1trSdrJLaM 
5af9854e5f7d69f0828eea8a08567f5d,qIIQYKKpwFU 
5af9854e5f7d69f0828eea8a08567f5d,0pIpemeXeyQ f560zyz3y8w RJwPKIIJS3E 1LQTgxoMfNE A3sEM9hMbqg 
5af9854e5f7d69f0828eea8a08567f5d,qS_nOhK3u1s kZMe0glPVQM D1trSdrJLaM 
5af9854e5f7d69f0828eea8a08567f5d,xDtTalZUY84 bA98MNYFNz8 gp2rsLWYjWc p5Q6SHRQAgc qIIQYKKpwFU ngYq6En-ClU pSxXPvsOj_M lAUI_-Gf2HQ TAzGztltXik hUCjFQo22gw Cg_8RLE0mpk ViPOQsky1Lc 
5af9854e5f7d69f0828eea8a08567f5d,Ncfs5Z6YYpc 
5af9854e5f7d69f0828eea8a08567f5d,qS_nOhK3u1s kZMe0glPVQM D1trSdrJLaM 
5af9854e5f7d69f0828eea8a08567f5d,xDtTalZUY84 bA98MNYFNz8 gp2rsLWYjWc p5Q6SHRQAgc qIIQYKKpwFU ngYq6En-ClU pSxXPvsOj_M lAUI_-Gf2HQ TAzGztltXik hUCjFQo22gw Cg_8RLE0mpk ViPOQsky1Lc 
5af9854e5f7d69f0828eea8a08567f5d,qS_nOhK3u1s kZMe0glPVQM D1trSdrJLaM 
5af9854e5f7d69f0828eea8a08567f5d,keEpakVSU-Y hrkqqg7NROM NVwCxnUTPMY cyuxCcyTeQ8 9QA1KxFgVFY FnJCwUSVt5E elNdHhbcAlM 
5af9854e5f7d69f0828eea8a08567f5d,b1XGjovk6pA TDPwjj9gKhY ovrtA_BImKA 9QA1KxFgVFY fPURjvm9hy0 rQ6YqnfHKAA hUCjFQo22gw L8Ntsvaer1Y PnJt0FTg0s4 w0BIUBNd_Eg 
5af9854e5f7d69f0828eea8a08567f5d,qS_nOhK3u1s kZMe0glPVQM D1trSdrJLaM 
5af9854e5f7d69f0828eea8a08567f5d,xDtTalZUY84 bA98MNYFNz8 gp2rsLWYjWc p5Q6SHRQAgc qIIQYKKpwFU ngYq6En-ClU pSxXPvsOj_M lAUI_-Gf2HQ TAzGztltXik hUCjFQo22gw Cg_8RLE0mpk ViPOQsky1Lc 
5af9854e5f7d69f0828eea8a08567f5d,Ncfs5Z6YYpc 
5af9854e5f7d69f0828eea8a08567f5d,qS_nOhK3u1s kZMe0glPVQM D1trSdrJLaM 
5af9854e5f7d69f0828eea8a08567f5d,xDtTalZUY84 bA98MNYFNz8 gp2rsLWYjWc p5Q6SHRQAgc qIIQYKKpwFU ngYq6En-ClU pSxXPvsOj_M lAUI_-Gf2HQ TAzGztltXik hUCjFQo22gw Cg_8RLE0mpk ViPOQsky1Lc 
5af9854e5f7d69f0828eea8a08567f5d,qS_nOhK3u1s kZMe0glPVQM D1trSdrJLaM 
5af9854e5f7d69f0828eea8a08567f5d,qmGKsLcG1TU 
5af9854e5f7d69f0828eea8a08567f5d,xDtTalZUY84 bA98MNYFNz8 gp2rsLWYjWc p5Q6SHRQAgc qIIQYKKpwFU ngYq6En-ClU pSxXPvsOj_M lAUI_-Gf2HQ TAzGztltXik hUCjFQo22gw Cg_8RLE0mpk ViPOQsky1Lc 
5af9854e5f7d69f0828eea8a08567f5d,qS_nOhK3u1s kZMe0glPVQM D1trSdrJLaM 
5af9854e5f7d69f0828eea8a08567f5d,Ncfs5Z6YYpc 
5af9854e5f7d69f0828eea8a08567f5d,qS_nOhK3u1s kZMe0glPVQM D1trSdrJLaM 
5af9854e5f7d69f0828eea8a08567f5d,Ncfs5Z6YYpc 
5af9854e5f7d69f0828eea8a08567f5d,qS_nOhK3u1s kZMe0glPVQM D1trSdrJLaM 
5af9854e5f7d69f0828eea8a08567f5d,Ncfs5Z6YYpc 
5af9854e5f7d69f0828eea8a08567f5d,qS_nOhK3u1s kZMe0glPVQM D1trSdrJLaM 
5af9854e5f7d69f0828eea8a08567f5d,ft98lKwEil4 ddytN1JR9AY 9QA1KxFgVFY hUCjFQo22gw F_s4XpZAhzo Xr9pSLiK1ww X0-x0ojhFgg 
5af9854e5f7d69f0828eea8a08567f5d,qIIQYKKpwFU 
5af9854e5f7d69f0828eea8a08567f5d,b1XGjovk6pA 0MMRMVOhUj4 66qbB4tGXQM 
5af9854e5f7d69f0828eea8a08567f5d,ICt9EVyeYmU Xzp8bUgD1lg 
5af9854e5f7d69f0828eea8a08567f5d,qS_nOhK3u1s kZMe0glPVQM D1trSdrJLaM 
5af9854e5f7d69f0828eea8a08567f5d,qS_nOhK3u1s kZMe0glPVQM D1trSdrJLaM 
5af9854e5f7d69f0828eea8a08567f5d,qDxYcmC4zZo xDtTalZUY84 keEpakVSU-Y XsvtHcRq36w uucuPuY49M8 xh9sKRI2VlQ rHnpakQGHrA QzJ1xg-ErWM FETWOpM-q80 txEmYt0go88 mdxsE-yu-CM qlLHmBULnIw GU9qOys9Iu0 CJj6J75ji-Q qTQ8rTPf5ic D1trSdrJLaM BnJ98athnbQ cTZq4m5WgQU 6o2CTdKRj68 bjIJtKBpWNk UT5skCx6Xcs 
5af9854e5f7d69f0828eea8a08567f5d,xDtTalZUY84 bA98MNYFNz8 gp2rsLWYjWc p5Q6SHRQAgc qIIQYKKpwFU ngYq6En-ClU pSxXPvsOj_M lAUI_-Gf2HQ TAzGztltXik hUCjFQo22gw Cg_8RLE0mpk ViPOQsky1Lc 
5af9854e5f7d69f0828eea8a08567f5d,qIIQYKKpwFU 
5af9854e5f7d69f0828eea8a08567f5d,b1XGjovk6pA 0MMRMVOhUj4 66qbB4tGXQM 
5af9854e5f7d69f0828eea8a08567f5d,eJN6c9reun0 DcuyeLmJSl4 _lE2h7ApVxw rgUlKlu8sKw hUCjFQo22gw Ppc3pZEcm40 ViPOQsky1Lc cTZq4m5WgQU osonyeWwyBo 
5af9854e5f7d69f0828eea8a08567f5d,Ncfs5Z6YYpc 
5af9854e5f7d69f0828eea8a08567f5d,qS_nOhK3u1s kZMe0glPVQM D1trSdrJLaM 
5af9854e5f7d69f0828eea8a08567f5d,xDtTalZUY84 bA98MNYFNz8 gp2rsLWYjWc p5Q6SHRQAgc qIIQYKKpwFU ngYq6En-ClU pSxXPvsOj_M lAUI_-Gf2HQ TAzGztltXik hUCjFQo22gw Cg_8RLE0mpk ViPOQsky1Lc 
5af9854e5f7d69f0828eea8a08567f5d,qS_nOhK3u1s kZMe0glPVQM D1trSdrJLaM 
5af9854e5f7d69f0828eea8a08567f5d,xDtTalZUY84 bA98MNYFNz8 gp2rsLWYjWc p5Q6SHRQAgc qIIQYKKpwFU ngYq6En-ClU pSxXPvsOj_M lAUI_-Gf2HQ TAzGztltXik hUCjFQo22gw Cg_8RLE0mpk ViPOQsky1Lc 
5af9854e5f7d69f0828eea8a08567f5d,qIIQYKKpwFU 
5af9854e5f7d69f0828eea8a08567f5d,qS_nOhK3u1s kZMe0glPVQM D1trSdrJLaM 
5af9854e5f7d69f0828eea8a08567f5d,xDtTalZUY84 bA98MNYFNz8 gp2rsLWYjWc p5Q6SHRQAgc qIIQYKKpwFU ngYq6En-ClU pSxXPvsOj_M lAUI_-Gf2HQ TAzGztltXik hUCjFQo22gw Cg_8RLE0mpk ViPOQsky1Lc 
5af9854e5f7d69f0828eea8a08567f5d,-LEy3CGFBB4 XsvtHcRq36w FETWOpM-q80 DcuyeLmJSl4 txEmYt0go88 lvAnlwaG5rI Cg_8RLE0mpk 
5af9854e5f7d69f0828eea8a08567f5d,qS_nOhK3u1s kZMe0glPVQM D1trSdrJLaM 
5af9854e5f7d69f0828eea8a08567f5d,xDtTalZUY84 bA98MNYFNz8 gp2rsLWYjWc p5Q6SHRQAgc qIIQYKKpwFU ngYq6En-ClU pSxXPvsOj_M lAUI_-Gf2HQ TAzGztltXik hUCjFQo22gw Cg_8RLE0mpk ViPOQsky1Lc 
5af9854e5f7d69f0828eea8a08567f5d,qIIQYKKpwFU 
5af9854e5f7d69f0828eea8a08567f5d,b1XGjovk6pA 0MMRMVOhUj4 66qbB4tGXQM 
5af9854e5f7d69f0828eea8a08567f5d,GIdvfbdlDbY 3L4SCUvCEMo ZBhh9Ugkf8c 5sMGee8_n88 zYtokVIMwjw O1p2YSLfK60 Kxv1WVAQ27E 
5af9854e5f7d69f0828eea8a08567f5d,qS_nOhK3u1s kZMe0glPVQM D1trSdrJLaM 
5af9854e5f7d69f0828eea8a08567f5d,qIIQYKKpwFU 
5af9854e5f7d69f0828eea8a08567f5d,b5aZAb7XAlA 
5af9854e5f7d69f0828eea8a08567f5d,qS_nOhK3u1s kZMe0glPVQM D1trSdrJLaM 
5af9854e5f7d69f0828eea8a08567f5d,b5aZAb7XAlA 
5af9854e5f7d69f0828eea8a08567f5d,qS_nOhK3u1s kZMe0glPVQM D1trSdrJLaM 
5af9854e5f7d69f0828eea8a08567f5d,keEpakVSU-Y hrkqqg7NROM NVwCxnUTPMY cyuxCcyTeQ8 9QA1KxFgVFY FnJCwUSVt5E elNdHhbcAlM 
5af9854e5f7d69f0828eea8a08567f5d,qS_nOhK3u1s kZMe0glPVQM D1trSdrJLaM 
5af9854e5f7d69f0828eea8a08567f5d,xDtTalZUY84 bA98MNYFNz8 gp2rsLWYjWc p5Q6SHRQAgc qIIQYKKpwFU ngYq6En-ClU pSxXPvsOj_M lAUI_-Gf2HQ TAzGztltXik hUCjFQo22gw Cg_8RLE0mpk ViPOQsky1Lc 
5af9854e5f7d69f0828eea8a08567f5d,0pIpemeXeyQ f560zyz3y8w RJwPKIIJS3E 1LQTgxoMfNE A3sEM9hMbqg 
5af9854e5f7d69f0828eea8a08567f5d,qS_nOhK3u1s kZMe0glPVQM D1trSdrJLaM 
5af9854e5f7d69f0828eea8a08567f5d,qS_nOhK3u1s kZMe0glPVQM D1trSdrJLaM 
5af9854e5f7d69f0828eea8a08567f5d,XYzDLJTw_fE tdr-kGChZC4 XxnHiSQItec 3F2dfJbvQP8 kHk3VQohHuM YYsFoxgUSoM 
5af9854e5f7d69f0828eea8a08567f5d,Ncfs5Z6YYpc 
5af9854e5f7d69f0828eea8a08567f5d,qS_nOhK3u1s kZMe0glPVQM D1trSdrJLaM 
5af9854e5f7d69f0828eea8a08567f5d,kCvBvPr7REw YuGwBnkEURQ tr61XXLsuIY B9oOLSYdMFA yb9bDUxKGVU n-LzknVJpUA tLAZWVcdypY aTRqXfRDUZI iYuPPmWcwGA 
5af9854e5f7d69f0828eea8a08567f5d,kCvBvPr7REw YuGwBnkEURQ tr61XXLsuIY yb9bDUxKGVU n-LzknVJpUA aTRqXfRDUZI 
5af9854e5f7d69f0828eea8a08567f5d,qS_nOhK3u1s kZMe0glPVQM D1trSdrJLaM 
5af9854e5f7d69f0828eea8a08567f5d,xDtTalZUY84 bA98MNYFNz8 gp2rsLWYjWc p5Q6SHRQAgc qIIQYKKpwFU ngYq6En-ClU pSxXPvsOj_M lAUI_-Gf2HQ TAzGztltXik hUCjFQo22gw Cg_8RLE0mpk ViPOQsky1Lc 
5af9854e5f7d69f0828eea8a08567f5d,qIIQYKKpwFU 
5af9854e5f7d69f0828eea8a08567f5d,QS3C1qurXtk cFIpS-oLSYs lPPMwFCcNKQ L8Ntsvaer1Y 5sMGee8_n88 A3tiQfOPwBU jsP3RTTgp6U 
5af9854e5f7d69f0828eea8a08567f5d,Ncfs5Z6YYpc 
5af9854e5f7d69f0828eea8a08567f5d,qS_nOhK3u1s kZMe0glPVQM D1trSdrJLaM 
5af9854e5f7d69f0828eea8a08567f5d,Ncfs5Z6YYpc 
5af9854e5f7d69f0828eea8a08567f5d,qS_nOhK3u1s kZMe0glPVQM D1trSdrJLaM 
5af9854e5f7d69f0828eea8a08567f5d,xDtTalZUY84 bA98MNYFNz8 gp2rsLWYjWc p5Q6SHRQAgc qIIQYKKpwFU ngYq6En-ClU pSxXPvsOj_M lAUI_-Gf2HQ TAzGztltXik hUCjFQo22gw Cg_8RLE0mpk ViPOQsky1Lc 
5af9854e5f7d69f0828eea8a08567f5d,Ncfs5Z6YYpc 
5af9854e5f7d69f0828eea8a08567f5d,qS_nOhK3u1s kZMe0glPVQM D1trSdrJLaM 
5af9854e5f7d69f0828eea8a08567f5d,qIIQYKKpwFU 
5af9854e5f7d69f0828eea8a08567f5d,qS_nOhK3u1s kZMe0glPVQM D1trSdrJLaM 
5af9854e5f7d69f0828eea8a08567f5d,A3tiQfOPwBU 
5af9854e5f7d69f0828eea8a08567f5d,HVT4ow-TCb0 osonyeWwyBo 
5af9854e5f7d69f0828eea8a08567f5d,Ncfs5Z6YYpc 
5af9854e5f7d69f0828eea8a08567f5d,Ncfs5Z6YYpc 
5af9854e5f7d69f0828e